{
	"parent": {
		"database_id": "database 的id，需要替换"
	},
	"properties": {
		"递归备份": {
			"type": "checkbox",
			"checkbox": true
		},
		"备份": {
			"type": "checkbox",
			"checkbox": true
		},
		"数据库嵌入类型": {
			"type": "select",
			"select": {
				"name": "Content"
			}
		},
		"备份位置": {
			"type": "rich_text",
			"rich_text": [{
				"type": "text",
				"text": {
					"content": "./Research/$Tag$/$Title$"
				}
			}]
		},
		"数据库备份类型": {
			"type": "select",
			"select": {
				"name": "Markdown"
			}
		},
		"页面类型": {
			"type": "select",
			"select": {
				"name": "Page"
			}
		},
		"页面ID": {
			"type": "rich_text",
			"rich_text": [{
				"type": "text",
				"text": {
					"content": "$Id$"
				}
			}]
		},
		"页面备份类型": {
			"type": "select",
			"select": {
				"name": "Markdown"
			}
		},
		"概要": {
			"type": "title",
			"title": [{
				"type": "text",
				"text": {
					"content": "$Title$"
				}
			}]
		}
	},
	"children": [{
			"object": "block",
			"type": "heading_2",
			"heading_2": {
				"rich_text": [{
					"type": "text",
					"text": {
						"content": "Lacinato kale"
					}
				}]
			}
		},
		{
			"object": "block",
			"type": "paragraph",
			"paragraph": {
				"rich_text": [{
					"type": "text",
					"text": {
						"content": "Lacinato kale is a variety of kale with a long tradition in Italian cuisine, especially that of Tuscany. It is also known as Tuscan kale, Italian kale, dinosaur kale, kale, flat back kale, palm tree kale, or black Tuscan palm.",
						"link": {
							"url": "https://en.wikipedia.org/wiki/Lacinato_kale"
						}
					}
				}]
			}
		}
	]
}